{"count":1,"self":111.9078528,"total":578.16835389999994,"children":{"InitializeActuators":{"count":13,"self":0.0029996,"total":0.0029996,"children":null},"InitializeSensors":{"count":13,"self":0.0070005,"total":0.0070005,"children":null},"AgentSendState":{"count":113801,"self":50.3243552,"total":96.247017,"children":{"CollectObservations":{"count":295893,"self":3.1133471999999998,"total":3.1133471999999998,"children":null},"WriteActionMask":{"count":295893,"self":1.5592963,"total":1.5592963,"children":null},"RequestDecision":{"count":295893,"self":5.7740371999999995,"total":41.2500189,"children":{"AgentInfo.ToProto":{"count":295893,"self":5.1139812,"total":35.4759816,"children":{"GenerateSensorData":{"count":295893,"self":25.573609599999997,"total":30.3620003,"children":{"RayPerceptionSensor.Perceive":{"count":591786,"self":4.78839,"total":4.7883901,"children":null}}}}}}}}},"DecideAction":{"count":113801,"self":365.79978239999997,"total":365.79978289999997,"children":null},"AgentAct":{"count":113801,"self":4.0832808,"total":4.0832809999999995,"children":null},"AgentInfo.ToProto":{"count":974,"self":0.019347299999999998,"total":0.1194152,"children":{"GenerateSensorData":{"count":974,"self":0.0880855,"total":0.1000679,"children":{"RayPerceptionSensor.Perceive":{"count":1948,"self":0.011982399999999999,"total":0.011982399999999999,"children":null}}}}}},"gauges":{"MoveToGoal.CumulativeReward":{"count":974,"max":-1.30099976,"min":-1.53844059,"runningAverage":-1.3014214,"value":-1.30099976,"weightedAverage":-1.30099988}},"metadata":{"timer_format_version":"0.1.0","start_time_seconds":"1656942646","unity_version":"2020.3.18f1","command_line_arguments":"D:\\Unity\\2020.3.18f1\\Editor\\Unity.exe -projectpath D:\\Studium\\Bachelor\\AdvancedProjekt\\AdvancedProject -useHub -hubIPC -cloudEnvironment production -licensingIpc LicenseClient-Nutzer -hubSessionId 843994e0-fb7e-11ec-b4a4-0d99244973ba -accessToken 8-e01L4vvTminZ-054_H9tECfq-hUg3mE28qilRD3Bc008f","communication_protocol_version":"1.5.0","com.unity.ml-agents_version":"2.3.0-exp.2","scene_name":"GameScene","end_time_seconds":"1656943224"}}