{
    "name": "root",
    "gauges": {
        "MoveToGoal.Policy.Entropy.mean": {
            "value": 1.4073461294174194,
            "min": 1.4073461294174194,
            "max": 1.4132044315338135,
            "count": 10
        },
        "MoveToGoal.Policy.Entropy.sum": {
            "value": 70181.5390625,
            "min": 70181.5390625,
            "max": 71485.734375,
            "count": 10
        },
        "MoveToGoal.Step.mean": {
            "value": 499981.0,
            "min": 49949.0,
            "max": 499981.0,
            "count": 10
        },
        "MoveToGoal.Step.sum": {
            "value": 499981.0,
            "min": 49949.0,
            "max": 499981.0,
            "count": 10
        },
        "MoveToGoal.Policy.ExtrinsicValueEstimate.mean": {
            "value": -0.3643454909324646,
            "min": -0.3643454909324646,
            "max": -0.0971769317984581,
            "count": 10
        },
        "MoveToGoal.Policy.ExtrinsicValueEstimate.sum": {
            "value": -303.8641357421875,
            "min": -303.8641357421875,
            "max": -80.55967712402344,
            "count": 10
        },
        "MoveToGoal.Environment.EpisodeLength.mean": {
            "value": 299.0,
            "min": 299.0,
            "max": 299.0833333333333,
            "count": 10
        },
        "MoveToGoal.Environment.EpisodeLength.sum": {
            "value": 50531.0,
            "min": 46644.0,
            "max": 50531.0,
            "count": 10
        },
        "MoveToGoal.Environment.CumulativeReward.mean": {
            "value": -1.2989999949932098,
            "min": -1.2990833322207134,
            "max": -1.2989999949932098,
            "count": 10
        },
        "MoveToGoal.Environment.CumulativeReward.sum": {
            "value": -219.53099915385246,
            "min": -219.53099915385246,
            "max": -202.65699982643127,
            "count": 10
        },
        "MoveToGoal.Policy.ExtrinsicReward.mean": {
            "value": -1.2989999949932098,
            "min": -1.2990833322207134,
            "max": -1.2989999949932098,
            "count": 10
        },
        "MoveToGoal.Policy.ExtrinsicReward.sum": {
            "value": -219.53099915385246,
            "min": -219.53099915385246,
            "max": -202.65699982643127,
            "count": 10
        },
        "MoveToGoal.Losses.PolicyLoss.mean": {
            "value": 0.024810529254997767,
            "min": 0.020571555434726177,
            "max": 0.026589169024179377,
            "count": 10
        },
        "MoveToGoal.Losses.PolicyLoss.sum": {
            "value": 0.12405264627498884,
            "min": 0.0888997956722354,
            "max": 0.13294584512089688,
            "count": 10
        },
        "MoveToGoal.Losses.ValueLoss.mean": {
            "value": 0.011548982535799343,
            "min": 0.01143105949740857,
            "max": 0.020417069884327548,
            "count": 10
        },
        "MoveToGoal.Losses.ValueLoss.sum": {
            "value": 0.057744912678996715,
            "min": 0.04572423798963428,
            "max": 0.08166827953731019,
            "count": 10
        },
        "MoveToGoal.Policy.LearningRate.mean": {
            "value": 1.7058214313960006e-05,
            "min": 1.7058214313960006e-05,
            "max": 0.00028411920529359993,
            "count": 10
        },
        "MoveToGoal.Policy.LearningRate.sum": {
            "value": 8.529107156980003e-05,
            "min": 8.529107156980003e-05,
            "max": 0.0012758514747162,
            "count": 10
        },
        "MoveToGoal.Policy.Epsilon.mean": {
            "value": 0.10568604000000001,
            "min": 0.10568604000000001,
            "max": 0.1947064,
            "count": 10
        },
        "MoveToGoal.Policy.Epsilon.sum": {
            "value": 0.5284302000000001,
            "min": 0.46136559999999993,
            "max": 0.9252838000000001,
            "count": 10
        },
        "MoveToGoal.Policy.Beta.mean": {
            "value": 0.00029373339600000006,
            "min": 0.00029373339600000006,
            "max": 0.004735849359999999,
            "count": 10
        },
        "MoveToGoal.Policy.Beta.sum": {
            "value": 0.0014686669800000004,
            "min": 0.0014686669800000004,
            "max": 0.02127166162,
            "count": 10
        },
        "MoveToGoal.IsTraining.mean": {
            "value": 1.0,
            "min": 1.0,
            "max": 1.0,
            "count": 10
        },
        "MoveToGoal.IsTraining.sum": {
            "value": 1.0,
            "min": 1.0,
            "max": 1.0,
            "count": 10
        }
    },
    "metadata": {
        "timer_format_version": "0.1.0",
        "start_time_seconds": "1656934106",
        "python_version": "3.7.9 (tags/v3.7.9:13c94747c7, Aug 17 2020, 18:58:18) [MSC v.1900 64 bit (AMD64)]",
        "command_line_arguments": "D:\\Studium\\Bachelor\\AdvancedProjekt\\AdvancedProject\\venv\\Scripts\\mlagents-learn --run-id=Big_8",
        "mlagents_version": "0.29.0",
        "mlagents_envs_version": "0.29.0",
        "communication_protocol_version": "1.5.0",
        "pytorch_version": "1.7.0+cu110",
        "numpy_version": "1.21.2",
        "end_time_seconds": "1656934816"
    },
    "total": 709.9278353000001,
    "count": 1,
    "self": 0.01199660000008862,
    "children": {
        "run_training.setup": {
            "total": 0.13388219999999995,
            "count": 1,
            "self": 0.13388219999999995
        },
        "TrainerController.start_learning": {
            "total": 709.7819565,
            "count": 1,
            "self": 0.9555657999895857,
            "children": {
                "TrainerController._reset_env": {
                    "total": 10.3394894,
                    "count": 1,
                    "self": 10.3394894
                },
                "TrainerController.advance": {
                    "total": 698.4262277000104,
                    "count": 38593,
                    "self": 0.9978513999973302,
                    "children": {
                        "env_step": {
                            "total": 487.4365707000099,
                            "count": 38593,
                            "self": 365.65283800002067,
                            "children": {
                                "SubprocessEnvManager._take_step": {
                                    "total": 121.13689609999417,
                                    "count": 38593,
                                    "self": 3.8251986999916596,
                                    "children": {
                                        "TorchPolicy.evaluate": {
                                            "total": 117.31169740000252,
                                            "count": 38465,
                                            "self": 72.80252199999802,
                                            "children": {
                                                "TorchPolicy.sample_actions": {
                                                    "total": 44.50917540000449,
                                                    "count": 38465,
                                                    "self": 44.50917540000449
                                                }
                                            }
                                        }
                                    }
                                },
                                "workers": {
                                    "total": 0.6468365999950816,
                                    "count": 38593,
                                    "self": 0.0,
                                    "children": {
                                        "worker_root": {
                                            "total": 699.5134951999975,
                                            "count": 38593,