{
    "name": "root",
    "gauges": {
        "MoveToGoal.Policy.Entropy.mean": {
            "value": 1.4224026203155518,
            "min": 1.4224026203155518,
            "max": 1.4224026203155518,
            "count": 1
        },
        "MoveToGoal.Policy.Entropy.sum": {
            "value": 71973.5703125,
            "min": 71973.5703125,
            "max": 71973.5703125,
            "count": 1
        },
        "MoveToGoal.Environment.EpisodeLength.mean": {
            "value": 16.483397413491787,
            "min": 16.483397413491787,
            "max": 16.483397413491787,
            "count": 1
        },
        "MoveToGoal.Environment.EpisodeLength.sum": {
            "value": 47159.0,
            "min": 47159.0,
            "max": 47159.0,
            "count": 1
        },
        "MoveToGoal.Step.mean": {
            "value": 49991.0,
            "min": 49991.0,
            "max": 49991.0,
            "count": 1
        },
        "MoveToGoal.Step.sum": {
            "value": 49991.0,
            "min": 49991.0,
            "max": 49991.0,
            "count": 1
        },
        "MoveToGoal.Policy.ExtrinsicValueEstimate.mean": {
            "value": -61.63579559326172,
            "min": -61.63579559326172,
            "max": -61.63579559326172,
            "count": 1
        },
        "MoveToGoal.Policy.ExtrinsicValueEstimate.sum": {
            "value": -202535.21875,
            "min": -202535.21875,
            "max": -202535.21875,
            "count": 1
        },
        "MoveToGoal.Environment.CumulativeReward.mean": {
            "value": -0.5491258741258741,
            "min": -0.5491258741258741,
            "max": -0.5491258741258741,
            "count": 1
        },
        "MoveToGoal.Environment.CumulativeReward.sum": {
            "value": -1570.5,
            "min": -1570.5,
            "max": -1570.5,
            "count": 1
        },
        "MoveToGoal.Policy.ExtrinsicReward.mean": {
            "value": -0.5491258741258741,
            "min": -0.5491258741258741,
            "max": -0.5491258741258741,
            "count": 1
        },
        "MoveToGoal.Policy.ExtrinsicReward.sum": {
            "value": -1570.5,
            "min": -1570.5,
            "max": -1570.5,
            "count": 1
        },
        "MoveToGoal.Losses.PolicyLoss.mean": {
            "value": 0.03450818419417677,
            "min": 0.03450818419417677,
            "max": 0.03450818419417677,
            "count": 1
        },
        "MoveToGoal.Losses.PolicyLoss.sum": {
            "value": 0.13803273677670708,
            "min": 0.13803273677670708,
            "max": 0.13803273677670708,
            "count": 1
        },
        "MoveToGoal.Losses.ValueLoss.mean": {
            "value": 440.47941041191416,
            "min": 440.47941041191416,
            "max": 440.47941041191416,
            "count": 1
        },
        "MoveToGoal.Losses.ValueLoss.sum": {
            "value": 1761.9176416476566,
            "min": 1761.9176416476566,
            "max": 1761.9176416476566,
            "count": 1
        },
        "MoveToGoal.Policy.LearningRate.mean": {
            "value": 0.00028428285523905,
            "min": 0.00028428285523905,
            "max": 0.00028428285523905,
            "count": 1
        },
        "MoveToGoal.Policy.LearningRate.sum": {
            "value": 0.0011371314209562,
            "min": 0.0011371314209562,
            "max": 0.0011371314209562,
            "count": 1
        },
        "MoveToGoal.Policy.Epsilon.mean": {
            "value": 0.19476095000000004,
            "min": 0.19476095000000004,
            "max": 0.19476095000000004,
            "count": 1
        },
        "MoveToGoal.Policy.Epsilon.sum": {
            "value": 0.7790438000000002,
            "min": 0.7790438000000002,
            "max": 0.7790438000000002,
            "count": 1
        },
        "MoveToGoal.Policy.Beta.mean": {
            "value": 0.004738571404999999,
            "min": 0.004738571404999999,
            "max": 0.004738571404999999,
            "count": 1
        },
        "MoveToGoal.Policy.Beta.sum": {
            "value": 0.018954285619999997,
            "min": 0.018954285619999997,
            "max": 0.018954285619999997,
            "count": 1
        },
        "MoveToGoal.IsTraining.mean": {
            "value": 1.0,
            "min": 1.0,
            "max": 1.0,
            "count": 1
        },
        "MoveToGoal.IsTraining.sum": {
            "value": 1.0,
            "min": 1.0,
            "max": 1.0,
            "count": 1
        }
    },
    "metadata": {
        "timer_format_version": "0.1.0",
        "start_time_seconds": "1655987811",
        "python_version": "3.7.9 (tags/v3.7.9:13c94747c7, Aug 17 2020, 18:58:18) [MSC v.1900 64 bit (AMD64)]",
        "command_line_arguments": "D:\\Studium\\Bachelor\\AdvancedProjekt\\AdvancedProject\\venv\\Scripts\\mlagents-learn --run-id=Big_3",
        "mlagents_version": "0.29.0",
        "mlagents_envs_version": "0.29.0",
        "communication_protocol_version": "1.5.0",
        "pytorch_version": "1.7.0+cu110",
        "numpy_version": "1.21.2",
        "end_time_seconds": "1655987976"
    },
    "total": 164.8735916,
    "count": 1,
    "self": 10.009716800000007,
    "children": {
        "run_training.setup": {
            "total": 0.12643519999999997,
            "count": 1,
            "self": 0.12643519999999997
        },
        "TrainerController.start_learning": {
            "total": 154.7374396,
            "count": 1,
            "self": 0.18229759999945827,
            "children": {
                "TrainerController._reset_env": {
                    "total": 5.7855103,
                    "count": 1,
                    "self": 5.7855103
                },
                "TrainerController.advance": {
                    "total": 148.6071394000005,
                    "count": 7141,
                    "self": 0.17260719999981688,
                    "children": {
                        "env_step": {
                            "total": 126.26818110000028,
                            "count": 7141,
                            "self": 111.66325349999994,
                            "children": {
                                "SubprocessEnvManager._take_step": {
                                    "total": 14.492455599999815,
                                    "count": 7143,
                                    "self": 0.5040559000002567,
                                    "children": {
                                        "TorchPolicy.evaluate": {
                                            "total": 13.988399699999558,
                                            "count": 5229,
                                            "self": 7.686940199999867,
                                            "children": {
                                                "TorchPolicy.sample_actions": {
                                                    "total": 6.301459499999691,
                                                    "count": 5229,
                                                    "self": 6.301459499999691
                                                }
                                            }
                                        }
                                    }
                                },
                                "workers": {
                                    "total": 0.11247200000051638,
                                    "count": 7140,
                                    "self": 0.0,
                                    "children": {
                                        "worker_root": {
                                            "total": 101.92954700000004,
                                            "count": 7140,
                                            "is_parallel": true,
                                            "self": 48.044309399999506,