{
    "name": "root",
    "gauges": {
        "MoveToGoal.Policy.Entropy.mean": {
            "value": 1.421030044555664,
            "min": 1.421030044555664,
            "max": 1.4224984645843506,
            "count": 2
        },
        "MoveToGoal.Policy.Entropy.sum": {
            "value": 70801.3984375,
            "min": 70801.3984375,
            "max": 71693.921875,
            "count": 2
        },
        "MoveToGoal.Environment.EpisodeLength.mean": {
            "value": 123.9925558312655,
            "min": 96.758,
            "max": 123.9925558312655,
            "count": 2
        },
        "MoveToGoal.Environment.EpisodeLength.sum": {
            "value": 49969.0,
            "min": 48379.0,
            "max": 49969.0,
            "count": 2
        },
        "MoveToGoal.Step.mean": {
            "value": 99955.0,
            "min": 49967.0,
            "max": 99955.0,
            "count": 2
        },
        "MoveToGoal.Step.sum": {
            "value": 99955.0,
            "min": 49967.0,
            "max": 99955.0,
            "count": 2
        },
        "MoveToGoal.Policy.ExtrinsicValueEstimate.mean": {
            "value": -0.3602687120437622,
            "min": -1.790763020515442,
            "max": -0.3602687120437622,
            "count": 2
        },
        "MoveToGoal.Policy.ExtrinsicValueEstimate.sum": {
            "value": -392.6929016113281,
            "min": -1989.5377197265625,
            "max": -392.6929016113281,
            "count": 2
        },
        "MoveToGoal.Environment.CumulativeReward.mean": {
            "value": -0.5704714682868337,
            "min": -0.7516000084429979,
            "max": -0.5704714682868337,
            "count": 2
        },
        "MoveToGoal.Environment.CumulativeReward.sum": {
            "value": -229.900001719594,
            "min": -375.80000422149897,
            "max": -229.900001719594,
            "count": 2
        },
        "MoveToGoal.Policy.ExtrinsicReward.mean": {
            "value": -0.5704714682868337,
            "min": -0.7516000084429979,
            "max": -0.5704714682868337,
            "count": 2
        },
        "MoveToGoal.Policy.ExtrinsicReward.sum": {
            "value": -229.900001719594,
            "min": -375.80000422149897,
            "max": -229.900001719594,
            "count": 2
        },
        "MoveToGoal.Losses.PolicyLoss.mean": {
            "value": 0.024539884420422216,
            "min": 0.024539884420422216,
            "max": 0.0819719700802428,
            "count": 2
        },
        "MoveToGoal.Losses.PolicyLoss.sum": {
            "value": 0.12269942210211109,
            "min": 0.12269942210211109,
            "max": 0.3278878803209712,
            "count": 2
        },
        "MoveToGoal.Losses.ValueLoss.mean": {
            "value": 0.4047036744654179,
            "min": 0.4047036744654179,
            "max": 5.47743365590771,
            "count": 2
        },
        "MoveToGoal.Losses.ValueLoss.sum": {
            "value": 2.0235183723270893,
            "min": 2.0235183723270893,
            "max": 21.90973462363084,
            "count": 2
        },
        "MoveToGoal.Policy.LearningRate.mean": {
            "value": 0.00025677025440991997,
            "min": 0.00025677025440991997,
            "max": 0.00028456980514339995,
            "count": 2
        },
        "MoveToGoal.Policy.LearningRate.sum": {
            "value": 0.0012838512720495998,
            "min": 0.0011382792205735998,
            "max": 0.0012838512720495998,
            "count": 2
        },
        "MoveToGoal.Policy.Epsilon.mean": {
            "value": 0.18559008,
            "min": 0.18559008,
            "max": 0.19485660000000005,
            "count": 2
        },
        "MoveToGoal.Policy.Epsilon.sum": {
            "value": 0.9279504,
            "min": 0.7794264000000002,
            "max": 0.9279504,
            "count": 2
        },
        "MoveToGoal.Policy.Beta.mean": {
            "value": 0.004280944992,
            "min": 0.004280944992,
            "max": 0.0047433443399999995,
            "count": 2
        },
        "MoveToGoal.Policy.Beta.sum": {
            "value": 0.02140472496,
            "min": 0.018973377359999998,
            "max": 0.02140472496,
            "count": 2
        },
        "MoveToGoal.IsTraining.mean": {
            "value": 1.0,
            "min": 1.0,
            "max": 1.0,
            "count": 2
        },
        "MoveToGoal.IsTraining.sum": {
            "value": 1.0,
            "min": 1.0,
            "max": 1.0,
            "count": 2
        }
    },
    "metadata": {
        "timer_format_version": "0.1.0",
        "start_time_seconds": "1655987208",
        "python_version": "3.7.9 (tags/v3.7.9:13c94747c7, Aug 17 2020, 18:58:18) [MSC v.1900 64 bit (AMD64)]",
        "command_line_arguments": "D:\\Studium\\Bachelor\\AdvancedProjekt\\AdvancedProject\\venv\\Scripts\\mlagents-learn --run-id=Big_1",
        "mlagents_version": "0.29.0",
        "mlagents_envs_version": "0.29.0",
        "communication_protocol_version": "1.5.0",
        "pytorch_version": "1.7.0+cu110",
        "numpy_version": "1.21.2",
        "end_time_seconds": "1655987428"
    },
    "total": 219.7509747,
    "count": 1,
    "self": 0.011661599999996497,
    "children": {
        "run_training.setup": {
            "total": 0.12708640000000004,
            "count": 1,
            "self": 0.12708640000000004
        },
        "TrainerController.start_learning": {
            "total": 219.6122267,
            "count": 1,
            "self": 0.26875700000019265,
            "children": {
                "TrainerController._reset_env": {
                    "total": 7.215848900000001,
                    "count": 1,
                    "self": 7.215848900000001
                },
                "TrainerController.advance": {
                    "total": 211.9783026999998,
                    "count": 10722,
                    "self": 0.271759200000929,
                    "children": {
                        "env_step": {
                            "total": 172.89120549999882,
                            "count": 10722,
                            "self": 147.52130739999845,
                            "children": {
                                "SubprocessEnvManager._take_step": {
                                    "total": 25.195574199999374,
                                    "count": 10722,
                                    "self": 0.9762715000003865,
                                    "children": {
                                        "TorchPolicy.evaluate": {
                                            "total": 24.219302699998988,
                                            "count": 10297,
                                            "self": 12.197193699998493,
                                            "children": {
                                                "TorchPolicy.sample_actions": {
                                                    "total": 12.022109000000494,
                                                    "count": 10297,
                                                    "self": 12.022109000000494
                                                }
                                            }
                                        }
                                    }
                                },
                                "workers": {
                                    "total": 0.1743239000009993,
                                    "count": 10721,
                                    "self": 0.0,
                                    "children": {
                                        "worker_root": {
                                            "total": 151.84257739999921,
                                            "count": 10721,
                                            "is_parallel": true,