{
    "name": "root",
    "metadata": {
        "timer_format_version": "0.1.0",
        "start_time_seconds": "1652101617",
        "python_version": "3.7.9 (tags/v3.7.9:13c94747c7, Aug 17 2020, 18:58:18) [MSC v.1900 64 bit (AMD64)]",
        "command_line_arguments": "D:\\Studium\\Bachelor\\AdvancedProjekt\\AdvancedProject\\venv\\Scripts\\mlagents-learn --run-id=Test2",
        "mlagents_version": "0.29.0",
        "mlagents_envs_version": "0.29.0",
        "communication_protocol_version": "1.5.0",
        "pytorch_version": "1.7.0+cu110",
        "numpy_version": "1.21.2",
        "end_time_seconds": "1652101712"
    },
    "total": 94.5413293,
    "count": 1,
    "self": 0.0146355999999912,
    "children": {
        "run_training.setup": {
            "total": 0.18071459999999995,
            "count": 1,
            "self": 0.18071459999999995
        },
        "TrainerController.start_learning": {
            "total": 94.34597910000001,
            "count": 1,
            "self": 0.05113210000004642,
            "children": {
                "TrainerController._reset_env": {
                    "total": 9.5048499,
                    "count": 1,
                    "self": 9.5048499
                },
                "TrainerController.advance": {
                    "total": 84.57386669999997,
                    "count": 1911,
                    "self": 0.04845299999981023,
                    "children": {
                        "env_step": {
                            "total": 84.18873470000003,
                            "count": 1911,
                            "self": 76.37913110000011,
                            "children": {
                                "SubprocessEnvManager._take_step": {
                                    "total": 7.770687899999954,
                                    "count": 1911,
                                    "self": 0.23707610000003676,
                                    "children": {
                                        "TorchPolicy.evaluate": {
                                            "total": 7.5336117999999175,
                                            "count": 1911,
                                            "self": 3.5797372999998274,
                                            "children": {
                                                "TorchPolicy.sample_actions": {
                                                    "total": 3.95387450000009,
                                                    "count": 1911,
                                                    "self": 3.95387450000009
                                                }
                                            }
                                        }
                                    }
                                },
                                "workers": {
                                    "total": 0.03891569999996314,
                                    "count": 1910,
                                    "self": 0.0,
                                    "children": {
                                        "worker_root": {
                                            "total": 24.591978999999924,
                                            "count": 1910,
                                            "is_parallel": true,
                                            "self": 12.950002699999864,
                                            "children": {
                                                "steps_from_proto": {
                                                    "total": 0.0003605000000002079,
                                                    "count": 1,
                                                    "is_parallel": true,
                                                    "self": 0.00017460000000024678,
                                                    "children": {
                                                        "_process_rank_one_or_two_observation": {
                                                            "total": 0.0001858999999999611,
                                                            "count": 2,
                                                            "is_parallel": true,
                                                            "self": 0.0001858999999999611
                                                        }
                                                    }
                                                },
                                                "UnityEnvironment.step": {
                                                    "total": 11.641615800000059,
                                                    "count": 1910,
                                                    "is_parallel": true,
                                                    "self": 0.20695030000011805,
                                                    "children": {
                                                        "UnityEnvironment._generate_step_input": {
                                                            "total": 0.20191530000005464,
                                                            "count": 1910,
                                                            "is_parallel": true,
                                                            "self": 0.20191530000005464
                                                        },
                                                        "communicator.exchange": {
                                                            "total": 10.676831199999972,
                                                            "count": 1910,
                                                            "is_parallel": true,
                                                            "self": 10.676831199999972
                                                        },
                                                        "steps_from_proto": {
                                                            "total": 0.5559189999999141,
                                                            "count": 1910,
                                                            "is_parallel": true,
                                                            "self": 0.2910793999999015,
                                                            "children": {
                                                                "_process_rank_one_or_two_observation": {
                                                                    "total": 0.2648396000000126,
                                                                    "count": 3820,
                                                                    "is_parallel": true,
                                                                    "self": 0.2648396000000126
                                                                }
                                                            }
                                                        }
                                                    }
                                                }
                                            }
                                        }
                                    }
                                }
                            }
                        },
                        "trainer_advance": {
                            "total": 0.33667900000012985,
                            "count": 1910,
                            "self": 0.07308990000017879,
                            "children": {
                                "process_trajectory": {
                                    "total": 0.26358909999995106,
                                    "count": 1910,
                                    "self": 0.26358909999995106
                                }
                            }
                        }
                    }
                },