{
    "name": "root",
    "metadata": {
        "timer_format_version": "0.1.0",
        "start_time_seconds": "1652101477",
        "python_version": "3.7.9 (tags/v3.7.9:13c94747c7, Aug 17 2020, 18:58:18) [MSC v.1900 64 bit (AMD64)]",
        "command_line_arguments": "D:\\Studium\\Bachelor\\AdvancedProjekt\\AdvancedProject\\venv\\Scripts\\mlagents-learn --force",
        "mlagents_version": "0.29.0",
        "mlagents_envs_version": "0.29.0",
        "communication_protocol_version": "1.5.0",
        "pytorch_version": "1.7.0+cu110",
        "numpy_version": "1.21.2",
        "end_time_seconds": "1652101567"
    },
    "total": 90.40958950000001,
    "count": 1,
    "self": 0.007848700000010922,
    "children": {
        "run_training.setup": {
            "total": 0.18962299999999987,
            "count": 1,
            "self": 0.18962299999999987
        },
        "TrainerController.start_learning": {
            "total": 90.2121178,
            "count": 1,
            "self": 0.01908370000001014,
            "children": {
                "TrainerController._reset_env": {
                    "total": 17.6057918,
                    "count": 1,
                    "self": 17.6057918
                },
                "TrainerController.advance": {
                    "total": 72.4803949,
                    "count": 904,
                    "self": 0.018426000000133058,
                    "children": {
                        "env_step": {
                            "total": 72.32255789999991,
                            "count": 904,
                            "self": 67.0789453999999,
                            "children": {
                                "SubprocessEnvManager._take_step": {
                                    "total": 5.2309332999999825,
                                    "count": 904,
                                    "self": 0.07330769999994757,
                                    "children": {
                                        "TorchPolicy.evaluate": {
                                            "total": 5.157625600000035,
                                            "count": 904,
                                            "self": 1.746126700000044,
                                            "children": {
                                                "TorchPolicy.sample_actions": {
                                                    "total": 3.411498899999991,
                                                    "count": 904,
                                                    "self": 3.411498899999991
                                                }
                                            }
                                        }
                                    }
                                },
                                "workers": {
                                    "total": 0.012679200000025759,
                                    "count": 903,
                                    "self": 0.0,
                                    "children": {
                                        "worker_root": {
                                            "total": 20.61823500000009,
                                            "count": 903,
                                            "is_parallel": true,
                                            "self": 16.043579600000072,
                                            "children": {
                                                "steps_from_proto": {
                                                    "total": 0.0004707000000010453,
                                                    "count": 1,
                                                    "is_parallel": true,
                                                    "self": 0.00027569999999954575,
                                                    "children": {
                                                        "_process_rank_one_or_two_observation": {
                                                            "total": 0.00019500000000149953,
                                                            "count": 2,
                                                            "is_parallel": true,
                                                            "self": 0.00019500000000149953
                                                        }
                                                    }
                                                },
                                                "UnityEnvironment.step": {
                                                    "total": 4.574184700000018,
                                                    "count": 903,
                                                    "is_parallel": true,
                                                    "self": 0.08623820000011051,
                                                    "children": {
                                                        "UnityEnvironment._generate_step_input": {
                                                            "total": 0.0846389999999495,
                                                            "count": 903,
                                                            "is_parallel": true,
                                                            "self": 0.0846389999999495
                                                        },
                                                        "communicator.exchange": {
                                                            "total": 4.113280199999966,
                                                            "count": 903,
                                                            "is_parallel": true,
                                                            "self": 4.113280199999966
                                                        },
                                                        "steps_from_proto": {
                                                            "total": 0.29002729999999133,
                                                            "count": 903,
                                                            "is_parallel": true,
                                                            "self": 0.188915699999896,
                                                            "children": {
                                                                "_process_rank_one_or_two_observation": {
                                                                    "total": 0.10111160000009534,
                                                                    "count": 1806,
                                                                    "is_parallel": true,
                                                                    "self": 0.10111160000009534
                                                                }
                                                            }
                                                        }
                                                    }
                                                }
                                            }
                                        }
                                    }
                                }
                            }
                        },
                        "trainer_advance": {
                            "total": 0.13941099999994933,
                            "count": 903,
                            "self": 0.02451049999990218,
                            "children": {
                                "process_trajectory": {
                                    "total": 0.11490050000004715,
                                    "count": 903,
                                    "self": 0.11490050000004715
                                }
                            }
                        }
                    }
                },